
-- 0. CLEANUP (Dọn dẹp triệt để)
BEGIN EXECUTE IMMEDIATE 'DROP TABLE HOA_DON_CT CASCADE CONSTRAINTS'; EXCEPTION WHEN OTHERS THEN NULL; END;
/
BEGIN EXECUTE IMMEDIATE 'DROP TABLE DICH_VU CASCADE CONSTRAINTS'; EXCEPTION WHEN OTHERS THEN NULL; END;
/
BEGIN EXECUTE IMMEDIATE 'DROP TABLE LOAI_DICH_VU CASCADE CONSTRAINTS'; EXCEPTION WHEN OTHERS THEN NULL; END;
/
BEGIN EXECUTE IMMEDIATE 'DROP TABLE TAI_SAN CASCADE CONSTRAINTS'; EXCEPTION WHEN OTHERS THEN NULL; END;
/
BEGIN EXECUTE IMMEDIATE 'DROP TABLE THANH_VIEN CASCADE CONSTRAINTS'; EXCEPTION WHEN OTHERS THEN NULL; END;
/
BEGIN EXECUTE IMMEDIATE 'DROP TABLE HOA_DON CASCADE CONSTRAINTS'; EXCEPTION WHEN OTHERS THEN NULL; END;
/
BEGIN EXECUTE IMMEDIATE 'DROP TABLE HOP_DONG CASCADE CONSTRAINTS'; EXCEPTION WHEN OTHERS THEN NULL; END;
/
BEGIN EXECUTE IMMEDIATE 'DROP TABLE TAI_KHOAN CASCADE CONSTRAINTS'; EXCEPTION WHEN OTHERS THEN NULL; END;
/
BEGIN EXECUTE IMMEDIATE 'DROP TABLE NGUOI_THUE CASCADE CONSTRAINTS'; EXCEPTION WHEN OTHERS THEN NULL; END;
/
BEGIN EXECUTE IMMEDIATE 'DROP TABLE PHONG CASCADE CONSTRAINTS'; EXCEPTION WHEN OTHERS THEN NULL; END;
/
BEGIN EXECUTE IMMEDIATE 'DROP TABLE LOAI_PHONG CASCADE CONSTRAINTS'; EXCEPTION WHEN OTHERS THEN NULL; END;
/

-- SEQUENCES
BEGIN EXECUTE IMMEDIATE 'DROP SEQUENCE SEQ_TV'; EXCEPTION WHEN OTHERS THEN NULL; END;
/
BEGIN EXECUTE IMMEDIATE 'DROP SEQUENCE SEQ_PHONG'; EXCEPTION WHEN OTHERS THEN NULL; END;
/
BEGIN EXECUTE IMMEDIATE 'DROP SEQUENCE SEQ_LOAI'; EXCEPTION WHEN OTHERS THEN NULL; END;
/
BEGIN EXECUTE IMMEDIATE 'DROP SEQUENCE SEQ_KH'; EXCEPTION WHEN OTHERS THEN NULL; END;
/
BEGIN EXECUTE IMMEDIATE 'DROP SEQUENCE SEQ_HD'; EXCEPTION WHEN OTHERS THEN NULL; END;
/
BEGIN EXECUTE IMMEDIATE 'DROP SEQUENCE SEQ_HOADON'; EXCEPTION WHEN OTHERS THEN NULL; END;
/
BEGIN EXECUTE IMMEDIATE 'DROP SEQUENCE SEQ_TK'; EXCEPTION WHEN OTHERS THEN NULL; END;
/
BEGIN EXECUTE IMMEDIATE 'DROP SEQUENCE SEQ_TS'; EXCEPTION WHEN OTHERS THEN NULL; END;
/
BEGIN EXECUTE IMMEDIATE 'DROP SEQUENCE SEQ_DV'; EXCEPTION WHEN OTHERS THEN NULL; END;
/

-- 1. TABLES
CREATE TABLE TAI_KHOAN ( MA_TK NUMBER PRIMARY KEY, TEN_DN VARCHAR2(50) UNIQUE, MAT_KHAU VARCHAR2(100), VAI_TRO VARCHAR2(20) );
CREATE TABLE LOAI_PHONG ( MA_LOAI NUMBER PRIMARY KEY, TEN VARCHAR2(50), GIA NUMBER, GIA_DAT_COC NUMBER, DIEN_TICH NUMBER );
CREATE TABLE PHONG ( MA_PHONG NUMBER PRIMARY KEY, TEN_PHONG VARCHAR2(50), TRANG_THAI VARCHAR2(20), SO_NGUOI_TOI_DA NUMBER, TANG NUMBER, MA_LOAI NUMBER, DIEN_HT NUMBER DEFAULT 0, NUOC_HT NUMBER DEFAULT 0, G_DIEN NUMBER DEFAULT 4000, G_NUOC NUMBER DEFAULT 25000, FOREIGN KEY (MA_LOAI) REFERENCES LOAI_PHONG(MA_LOAI) );
CREATE TABLE TAI_SAN ( MA_TS NUMBER PRIMARY KEY, TEN_TS VARCHAR2(100), TINH_TRANG VARCHAR2(100), GIA_TRI NUMBER DEFAULT 0, TI_LE_MOI NUMBER DEFAULT 100, MA_PHONG NUMBER, FOREIGN KEY (MA_PHONG) REFERENCES PHONG(MA_PHONG) );
CREATE TABLE NGUOI_THUE ( MA_KH NUMBER PRIMARY KEY, HO_TEN VARCHAR2(100), SDT VARCHAR2(20), CCCD VARCHAR2(20), MA_TK NUMBER, FOREIGN KEY (MA_TK) REFERENCES TAI_KHOAN(MA_TK) );
CREATE TABLE HOP_DONG ( MA_HD NUMBER PRIMARY KEY, MA_PHONG NUMBER, MA_KH NUMBER, NGAY_KY DATE, NGAY_HET_HAN DATE, TIEN_COC NUMBER, GIA_PHONG NUMBER, TRANG_THAI VARCHAR2(20) DEFAULT 'CON_HIEU_LUC', FOREIGN KEY (MA_PHONG) REFERENCES PHONG(MA_PHONG), FOREIGN KEY (MA_KH) REFERENCES NGUOI_THUE(MA_KH) );
CREATE TABLE LOAI_DICH_VU ( MA_LDV NUMBER PRIMARY KEY, TEN_LOAI VARCHAR2(50) );
CREATE TABLE DICH_VU ( MA_DV NUMBER PRIMARY KEY, TEN_DV VARCHAR2(50), DON_GIA NUMBER, DON_VI VARCHAR2(20), MA_LDV NUMBER, FOREIGN KEY (MA_LDV) REFERENCES LOAI_DICH_VU(MA_LDV) );
CREATE TABLE HOA_DON ( MA_HD_BILL NUMBER PRIMARY KEY, MA_HD NUMBER, THANG_NAM VARCHAR2(7), D_CU NUMBER, D_MOI NUMBER, N_CU NUMBER, N_MOI NUMBER, T_PHONG NUMBER, T_DIEN NUMBER, T_NUOC NUMBER, TONG_TIEN NUMBER, NGAY_LAP DATE DEFAULT SYSDATE, TRANG_THAI VARCHAR2(20) DEFAULT 'CHUA_TRA', GHI_CHU VARCHAR2(200), FOREIGN KEY (MA_HD) REFERENCES HOP_DONG(MA_HD) );
CREATE TABLE THANH_VIEN ( MA_TV NUMBER PRIMARY KEY, MA_PHONG NUMBER, MA_KH NUMBER, FOREIGN KEY (MA_PHONG) REFERENCES PHONG(MA_PHONG), FOREIGN KEY (MA_KH) REFERENCES NGUOI_THUE(MA_KH) );

-- SEQUENCES
CREATE SEQUENCE SEQ_TK START WITH 100;
CREATE SEQUENCE SEQ_LOAI START WITH 100;
CREATE SEQUENCE SEQ_PHONG START WITH 1100;
CREATE SEQUENCE SEQ_TS START WITH 5000;
CREATE SEQUENCE SEQ_KH START WITH 100;
CREATE SEQUENCE SEQ_HD START WITH 1000;
CREATE SEQUENCE SEQ_DV START WITH 100;
CREATE SEQUENCE SEQ_HOADON START WITH 1000;
CREATE SEQUENCE SEQ_TV START WITH 100;

-- 2. LOGIC (FUNCTION & VIEWS)
CREATE OR REPLACE FUNCTION F_DEM_NGUOI(p_ma NUMBER) RETURN NUMBER IS v_count NUMBER; BEGIN SELECT COUNT(*) INTO v_count FROM ( SELECT MA_KH FROM HOP_DONG WHERE MA_PHONG = p_ma AND TRANG_THAI = 'CON_HIEU_LUC' UNION SELECT MA_KH FROM THANH_VIEN WHERE MA_PHONG = p_ma ); RETURN v_count; END;
/
CREATE OR REPLACE VIEW V_DS_PHONG AS SELECT P.MA_PHONG, P.TEN_PHONG, L.TEN AS LOAI, L.GIA, P.TRANG_THAI, P.SO_NGUOI_TOI_DA, F_DEM_NGUOI(P.MA_PHONG) AS SO_NGUOI, P.TANG, P.DIEN_HT, P.NUOC_HT FROM PHONG P JOIN LOAI_PHONG L ON P.MA_LOAI = L.MA_LOAI;
CREATE OR REPLACE VIEW V_HOPDONG AS SELECT H.MA_HD, H.MA_PHONG, N.HO_TEN, P.TEN_PHONG, H.NGAY_KY, H.NGAY_HET_HAN, H.TIEN_COC, H.TRANG_THAI, H.GIA_PHONG FROM HOP_DONG H JOIN NGUOI_THUE N ON H.MA_KH = N.MA_KH JOIN PHONG P ON H.MA_PHONG = P.MA_PHONG;

-- 3. ĐỔ DỮ LIỆU SIÊU KHỦNG
INSERT INTO TAI_KHOAN (MA_TK, TEN_DN, MAT_KHAU, VAI_TRO) VALUES (1, 'huy_owner', 'huy123', 'CHU_TRO');

-- 3 Loại phòng
INSERT INTO LOAI_PHONG VALUES (1, 'Luxury Studio', 7500000, 3000000, 45);
INSERT INTO LOAI_PHONG VALUES (2, 'Phòng Premium', 5200000, 2000000, 30);
INSERT INTO LOAI_PHONG VALUES (3, 'Phòng Standard', 3500000, 1000000, 22);

-- 15 Khách hàng diverse
INSERT INTO NGUOI_THUE (MA_KH, HO_TEN, SDT, CCCD) VALUES (1, 'Nguyễn Thanh Tùng', '0912111222', '001095012345');
INSERT INTO NGUOI_THUE (MA_KH, HO_TEN, SDT, CCCD) VALUES (2, 'Trần Ngọc Bích', '0987333444', '038092000999');
INSERT INTO NGUOI_THUE (MA_KH, HO_TEN, SDT, CCCD) VALUES (3, 'Lê Anh Đức', '0905123456', '079095000123');
INSERT INTO NGUOI_THUE (MA_KH, HO_TEN, SDT, CCCD) VALUES (4, 'Phạm Diệu Linh', '0944000888', '022091000555');
INSERT INTO NGUOI_THUE (MA_KH, HO_TEN, SDT, CCCD) VALUES (5, 'Hoàng Minh Tâm', '0933222555', '030095000777');
INSERT INTO NGUOI_THUE (MA_KH, HO_TEN, SDT, CCCD) VALUES (6, 'Vũ Hải Đăng', '0911000111', '031093000444');
INSERT INTO NGUOI_THUE (MA_KH, HO_TEN, SDT, CCCD) VALUES (7, 'Đặng Thu Thảo', '0988222333', '034091000888');
INSERT INTO NGUOI_THUE (MA_KH, HO_TEN, SDT, CCCD) VALUES (8, 'Bùi Tiến Dũng', '0901222333', '010091000222');
INSERT INTO NGUOI_THUE (MA_KH, HO_TEN, SDT, CCCD) VALUES (9, 'Ngô Phương Anh', '0945999000', '037092000111');
INSERT INTO NGUOI_THUE (MA_KH, HO_TEN, SDT, CCCD) VALUES (10, 'Lý Gia Hân', '0932888999', '025091000333');

-- 12 Phòng (Tầng 1, 2, 3)
INSERT INTO PHONG VALUES (101, 'Studio 101', 'DA_THUE', 2, 1, 1, 150, 12, 4000, 25000);
INSERT INTO PHONG VALUES (102, 'P-Premium 102', 'DA_THUE', 3, 1, 2, 85, 8, 4000, 25000);
INSERT INTO PHONG VALUES (103, 'P-Premium 103', 'TRONG', 3, 1, 2, 0, 0, 4000, 25000);
INSERT INTO PHONG VALUES (104, 'Studio 104', 'TRONG', 2, 1, 1, 0, 0, 4500, 28000);
INSERT INTO PHONG VALUES (201, 'Studio 201', 'DA_THUE', 2, 2, 1, 210, 25, 4000, 25000);
INSERT INTO PHONG VALUES (202, 'P-Premium 202', 'TRONG', 3, 2, 2, 0, 0, 4000, 25000);
INSERT INTO PHONG VALUES (203, 'Standard 203', 'DA_THUE', 4, 2, 3, 45, 5, 4000, 25000);
INSERT INTO PHONG VALUES (204, 'Standard 204', 'TRONG', 4, 2, 3, 0, 0, 4000, 25000);
INSERT INTO PHONG VALUES (301, 'Sky Studio 301', 'DA_THUE', 2, 3, 1, 320, 40, 4200, 26000);
INSERT INTO PHONG VALUES (302, 'Sky P-Prem 302', 'TRONG', 3, 3, 2, 0, 0, 4000, 25000);
INSERT INTO PHONG VALUES (303, 'Standard 303', 'TRONG', 4, 3, 3, 0, 0, 3800, 24000);
INSERT INTO PHONG VALUES (304, 'Standard 304', 'TRONG', 4, 3, 3, 0, 0, 3800, 24000);

-- Dàn Tài sản cao cấp (Mẫu)
INSERT INTO TAI_SAN VALUES (1, 'Điều hòa Daikin Inverter', 'Mới 100%', 12500000, 100, 101);
INSERT INTO TAI_SAN VALUES (2, 'Tủ lạnh LG 2 cánh', 'Tốt', 6500000, 100, 101);
INSERT INTO TAI_SAN VALUES (3, 'Máy giặt Electrolux', 'Mới', 8200000, 100, 201);
INSERT INTO TAI_SAN VALUES (4, 'Smart TV Samsung 55in', 'Mới', 15000000, 100, 301);
INSERT INTO TAI_SAN VALUES (5, 'Bếp từ Bosch', 'Tốt', 4500000, 100, 102);

-- 5 Hợp đồng hiện hữu
INSERT INTO HOP_DONG VALUES (1001, 101, 1, SYSDATE-60, SYSDATE+305, 3000000, 7500000, 'CON_HIEU_LUC');
INSERT INTO HOP_DONG VALUES (1002, 102, 2, SYSDATE-30, SYSDATE+335, 2000000, 5200000, 'CON_HIEU_LUC');
INSERT INTO HOP_DONG VALUES (1003, 201, 3, SYSDATE-15, SYSDATE+350, 3000000, 7500000, 'CON_HIEU_LUC');
INSERT INTO HOP_DONG VALUES (1004, 203, 4, SYSDATE-5, SYSDATE+360, 1000000, 3500000, 'CON_HIEU_LUC');
INSERT INTO HOP_DONG VALUES (1005, 301, 5, SYSDATE-90, SYSDATE+275, 3000000, 7500000, 'CON_HIEU_LUC');

-- Một vài hóa đơn đã đóng để có số liệu Dashboard
INSERT INTO HOA_DON (MA_HD_BILL, MA_HD, THANG_NAM, TONG_TIEN, TRANG_THAI) VALUES (2001, 1001, '02/2026', 7850000, 'DA_TRA');
INSERT INTO HOA_DON (MA_HD_BILL, MA_HD, THANG_NAM, TONG_TIEN, TRANG_THAI) VALUES (2002, 1005, '01/2026', 8200000, 'DA_TRA');
INSERT INTO HOA_DON (MA_HD_BILL, MA_HD, THANG_NAM, TONG_TIEN, TRANG_THAI) VALUES (2003, 1005, '02/2026', 8100000, 'DA_TRA');

-- Người ở ghép
INSERT INTO THANH_VIEN (MA_TV, MA_PHONG, MA_KH) VALUES (1, 101, 6);
INSERT INTO THANH_VIEN (MA_TV, MA_PHONG, MA_KH) VALUES (2, 201, 7);

COMMIT;
